8177,Xander
2399,Roth
7579,Winter
3402,Kaye
4526,Adrian
1876,Caleb
5705,Edan
9742,Keegan
6716,Lila
8034,Aidan
9627,Alexander
5759,Chadwick
5491,Graham
1669,Jameson
9537,Ori
6087,Walter
7272,Daniel
4571,Ethan
6456,Faith
1151,Brent
3195,Serena
8228,Kennedy
2646,Isabella
3483,Molly
5485,Marny
6805,Wang
4792,Jackson
9890,Driscoll
6197,Alyssa
8159,Ferris
7496,Nasim
4837,Nicole
3391,Derek
6939,Duncan
6756,Breanna
1671,Iris
2610,Jaime
1404,Adele
3886,Irene
7322,Alexis
8452,Jonas
9240,Cadman
5711,Genevieve
2619,Xanthus
3194,Kareem
1602,Yeo
8497,Cynthia
8061,Camille
5910,Cara
7190,Iola
9402,Stella
7760,Channing
8553,Lucius
3254,Xavier
6224,Phelan
9573,Ethan
6539,Nolan
8265,Zahir
6561,Garrett
8131,Ocean
5814,Hector
1243,Scarlet
5261,Carter
3299,Sylvester
3390,Donovan
5839,Joshua
7270,Constance
8816,Troy
4293,Nasim
8714,Price
2886,Hayden
2283,Melissa
6774,Felicia
8211,Marny
7333,Julie
9792,Richard
5121,Athena
6369,Abdul
1487,Roary
4416,Clio
2705,Willa
4084,Mariko
8314,Flynn
1694,Maryam
3302,Damon
9270,Hashim
1523,Athena
5510,Lucy
9914,Sybil
4989,Wing
3772,Morgan
7999,Ori
4129,Alan
3887,Ciara
4094,Holly
1540,Xyla
7469,Jamal
4750,Vladimir
6647,Otto
1332,Ivan
6684,Uriel
7166,Cheryl
8663,Eugenia
6983,Caesar
8302,Eliana
7786,Hayden
1422,Ali
3759,Ali
5051,Alexis
5533,Ocean
7219,Silas
9136,Bernard
1805,Tallulah
5757,Zelda
5702,September
2065,Magee
3313,Moses
6511,Leo
9472,Willa
9949,Aaron
5227,Yolanda
5696,Nash
2671,Tanek
4303,Samson
9637,Yasir
6333,Scott
3370,Jayme
7992,Melvin
1270,Basil
5177,Jackson
5082,Cailin
9242,Britanni
4672,Reuben
2444,Russell
6172,Jaquelyn
3060,Macey
6838,Steven
9094,Noah
4934,Hasad
8789,Caleb
8131,Ila
1736,Athena
1348,Naida
6141,Jorden
6024,Katelyn
1267,Germaine
2459,Chandler
9398,Theodore
8300,Ulric
9507,Roary
1245,Galena
5522,Bevis
9562,Sacha
7595,Phyllis
1680,Alma
6235,Deirdre
8141,Gannon
3530,Cassady
4131,Maris
9709,Trevor
9201,Isaac
6197,Rhonda
2875,Uta
5533,Whilemina
4560,Britanney
2145,Anthony
7816,Karyn
8729,Jayme
8221,Grant
3148,Garrison
3565,Fallon
1950,Elmo
3183,Zachary
5100,Amaya
2802,Ira
8147,Gavin
7253,Iola
7547,Belle
9546,Hunter
7432,Carl
9782,Jana
4378,Freya
8969,Andrew
2439,Paki
5553,Dana
1672,Tamara
7168,Cally
9395,Perry
7915,Clementine
9591,Brandon
9572,Emma
8385,Althea
5722,Reece
9822,Beatrice
9059,May
9861,Callie
5578,Summer
6979,Dawn
6625,Herrod
1249,Aidan
6115,Jonah
4007,Beck
5432,Ava
2442,Shafira
5222,Shay
2983,Zachary
4596,Adria
1523,Azalia
5438,Bree
4730,Chelsea
4193,Halla
7764,Ishmael
9935,Sawyer
5295,Elizabeth
5045,Caleb
5978,Lydia
3030,Haley
1623,Thaddeus
5496,Ann
5497,Darius
5002,Shafira
8491,Erich
3036,Lysandra
2239,Ursa
2576,Armando
4387,Kelsie
1759,Quintessa
5299,Igor
6021,Orlando
3597,Lacy
3723,Macon
4467,Aquila
6601,Eaton
4998,Raphael
5891,Demetria
2359,Bree
6801,Yael
9439,Jerry
3744,Delilah
2998,Hayden
4667,Megan
4874,Burke
1748,Travis
1335,Price
1660,Quinn
7410,Katell
2534,Sarah
5625,Jack
8028,Kennedy
3744,Hashim
3826,Simone
1549,Candace
7456,Madaline
5573,Hannah
6660,Josiah
2740,Jennifer
9952,Aimee
7648,Whilemina
5811,Hilel
3422,Alyssa
6945,Kane
4538,Idona
8372,Vladimir
9067,Melissa
8299,Jackson
3024,Tanner
3099,Justin
6449,Phelan
6545,Sara
6379,Carol
7097,Thaddeus
3543,Xandra
5223,Britanni
9942,Debra
3763,Wesley
3045,Orla
1617,Odysseus
4618,Mary
6754,Coby
9756,Charles
6231,Todd
7917,Amelia
6818,Kieran
6682,Ira
5765,Shaine
4715,Amy
5434,Lynn
7242,Barrett
6461,Leigh
8820,Lucian
3169,Angela
9426,Yuli
8843,Melissa
1306,Laith
5144,Fulton
2389,Abbot
1651,Gary
6848,Dane
8410,Skyler
4957,Brennan
3481,Tanya
2877,Tate
3812,Hayfa
5513,Nathaniel
1782,Vera
8974,Craig
1972,Malik
9669,Uriel
9540,Brenna
8526,Victoria
3194,Amelia
1387,Whitney
3168,Amela
9410,Janna
9850,Emma
5269,Quyn
9159,Buffy
9051,Remedios
7829,Jason
8634,Macaulay
1343,David
7449,Mollie
9870,Charde
2165,Roth
3504,Dale
3765,Sybil
6128,Frances
7902,Noel
8889,Daquan
1450,Molly
7122,Michelle
8312,Lee
8217,Paloma
6744,Halla
9261,Joan
9693,John
6107,Yeo
6780,Basil
5615,Micah
3675,Nash
9108,Kenyon
8360,Kim
8048,Eric
8849,Kimberley
3430,Dale
3229,Noelani
8273,Rigel
8803,Inga
8654,Clinton
5121,Upton
8578,Sybil
3308,Hanna
9080,Quinn
9072,Tiger
8589,Jelani
2066,Cade
4088,Galvin
9708,Alden
8798,Stacey
2179,Malik
2539,Geraldine
3365,Fallon
4151,Rigel
3087,Carlos
3468,Danielle
6910,Abdul
3785,Jameson
4634,Risa
5032,Hashim
9449,Ocean
3140,Ila
9583,Price
8266,Natalie
2387,Keegan
4778,Kermit
3224,Aladdin
9668,Joelle
7612,Iola
4024,Omar
5403,Kitra
5207,Keane
9904,Dacey
5856,Isabelle
4400,Ivor
9375,Cleo
9865,Lunea
3523,Janna
1693,Lisandra
2903,Jameson
2887,Clare
5066,Allen
5194,Grace
6119,Nina
1262,Imogene
7032,Karen
9791,Derek
7129,Kermit
1983,Lucas
4441,Sonya
7885,Inez
8746,Tatiana
9741,Paki
6413,Tobias
5711,Jacob
6891,Freya
7174,Hadley
9905,Noel
8591,Hayley
6304,Moses
4319,Scott
5547,Yael
2215,Hoyt
3061,Sebastian
5233,Wylie
6508,Olga
7559,Alvin
5061,Edward
9007,Tyrone
5028,Marcia
1359,Troy
6614,Cedric
5612,Heather
2741,Quinn
5013,Hakeem
7018,Ann
8156,Jennifer
3278,Anthony
1190,Gloria
9515,Wyoming
9431,Reuben
9903,Breanna
9696,Mark
9101,Ivy
1384,Alan
4310,Janna
6080,Lesley
1449,April
8609,Melanie
2256,Ariel
9481,Britanni
6172,Julie
9575,Tana
3904,Knox
7965,Raymond
4803,Nathan
2798,Aquila
4510,Rooney
6557,Lance
2542,Hoyt
2021,Lane
9115,Hayes
9776,Owen
2734,Damian
3435,Sybil
5132,Ulla
2879,Naomi
8871,Dylan
7707,Brady
5274,Jacqueline
4144,Donna
4238,Winter
3811,Lila
8500,Ivor
6429,Xavier
4638,Sacha
3718,Carlos
7967,Charles
9950,Aladdin
9533,Amanda
3741,Alexis
3488,Helen
4638,Boris
2295,Evelyn
4356,Ella
5702,Lani
2146,Cora
4680,Penelope
8829,Zachery
6385,Geraldine
9057,Carla
1653,Alisa
2627,Cherokee
5582,Nasim
7531,Katell
5623,Sydnee
3348,Quinn
8607,Mona
2081,Hu
5697,Lucian
8460,Gage
7732,Abdul
4666,Quinlan
3636,Ian
6190,Micah
6421,Winter
7547,Eliana
2769,Cole
2949,Erica
2671,Russell
7551,Elton